0,RP-XXX-RAF,HP-FEE-RAF
2.03201526398661e-05,RP-XXX-RAF,HP-FEE-RAF
6.4102462225007e-05,RP-XXX-RAF,HP-FEE-RAF
0.000113168448459856,RP-XXX-RAF,HP-FEE-RAF
0.000232236182226244,RP-XXX-RAF,HP-FEE-RAF
0.00045581284958132,RP-XXX-RAF,HP-FEE-RAF
0.000870757018839773,RP-XXX-RAF,HP-FEE-RAF
0.00159690684212169,RP-XXX-RAF,HP-FEE-RAF
0.00251671247735693,RP-XXX-RAF,HP-FEE-RAF
0.00433909439885413,RP-XXX-RAF,HP-FEE-RAF
0.00751896457698862,RP-XXX-RAF,HP-FEE-RAF
0.012795033003737,RP-XXX-RAF,HP-FEE-RAF
0.0208832058142656,RP-XXX-RAF,HP-FEE-RAF
0.0307329496108627,RP-XXX-RAF,HP-FEE-RAF
0.0490528060882276,RP-XXX-RAF,HP-FEE-RAF
0.0805106927966737,RP-XXX-RAF,HP-FEE-RAF
0.133122545573488,RP-XXX-RAF,HP-FEE-RAF
0.182483535595491,RP-XXX-RAF,HP-FEE-RAF
0.307856700445257,RP-XXX-RAF,HP-FEE-RAF
0.472580532715594,RP-XXX-RAF,HP-FEE-RAF
0.739370852011277,RP-XXX-RAF,HP-FEE-RAF
1.23032401026602,RP-XXX-RAF,HP-FEE-RAF
1.69994880976252,RP-XXX-RAF,HP-FEE-RAF
2.64571011126305,RP-XXX-RAF,HP-FEE-RAF
4,RP-XXX-RAF,HP-FEE-RAF
4,RP-FEE-XXX,HP-FEE-RAF
4.00002978568885,RP-FEE-XXX,HP-FEE-RAF
4.00006423098996,RP-FEE-XXX,HP-FEE-RAF
4.00013162075842,RP-FEE-XXX,HP-FEE-RAF
4.0002378924357,RP-FEE-XXX,HP-FEE-RAF
4.00038898346327,RP-FEE-XXX,HP-FEE-RAF
4.00071231093387,RP-FEE-XXX,HP-FEE-RAF
4.0010995293241,RP-FEE-XXX,HP-FEE-RAF
4.00155910910797,RP-FEE-XXX,HP-FEE-RAF
4.00360065165631,RP-FEE-XXX,HP-FEE-RAF
4.00589355345616,RP-FEE-XXX,HP-FEE-RAF
4.00868917375906,RP-FEE-XXX,HP-FEE-RAF
4.01262256943015,RP-FEE-XXX,HP-FEE-RAF
4.01712485278535,RP-FEE-XXX,HP-FEE-RAF
4.02357482030953,RP-FEE-XXX,HP-FEE-RAF
4.03156245548405,RP-FEE-XXX,HP-FEE-RAF
4.04262542595928,RP-FEE-XXX,HP-FEE-RAF
4.05810842417502,RP-FEE-XXX,HP-FEE-RAF
4.09167977960537,RP-FEE-XXX,HP-FEE-RAF
4.13931480963842,RP-FEE-XXX,HP-FEE-RAF
4.22320905211568,RP-FEE-XXX,HP-FEE-RAF
4.32523290081505,RP-FEE-XXX,HP-FEE-RAF
4.50161593379577,RP-FEE-XXX,HP-FEE-RAF
4.70637476636639,RP-FEE-XXX,HP-FEE-RAF
4.96070896632308,RP-FEE-XXX,HP-FEE-RAF
4.96070896632308,HP-FEE-RAF,DP-ATM-XXX
4.96079145152296,HP-FEE-RAF,DP-ATM-XXX
4.96149238140136,HP-FEE-RAF,DP-ATM-XXX
4.96413911643724,HP-FEE-RAF,DP-ATM-XXX
4.97044295019447,HP-FEE-RAF,DP-ATM-XXX
4.98201417611959,HP-FEE-RAF,DP-ATM-XXX
5.00615059040386,HP-FEE-RAF,DP-ATM-XXX
5.04271399967427,HP-FEE-RAF,DP-ATM-XXX
5.17309398344388,HP-FEE-RAF,DP-ATM-XXX
5.4905461163432,HP-FEE-RAF,DP-ATM-XXX
6.35543522924603,HP-FEE-RAF,DP-ATM-XXX
7.33396940930058,HP-FEE-RAF,DP-ATM-XXX
9.15328931280246,HP-FEE-RAF,DP-ATM-XXX
10.8744715027396,HP-FEE-RAF,DP-ATM-XXX
12.9710495620581,HP-FEE-RAF,DP-ATM-XXX
15.4689289897216,HP-FEE-RAF,DP-ATM-XXX
17.3290815214928,HP-FEE-RAF,DP-ATM-XXX
19.6947220814783,HP-FEE-RAF,DP-ATM-XXX
22.3185735564235,HP-FEE-RAF,DP-ATM-XXX
25.6539310651019,HP-FEE-RAF,DP-ATM-XXX
28.3599057062922,HP-FEE-RAF,DP-ATM-XXX
31.7726200562151,HP-FEE-RAF,DP-ATM-XXX
34.9117299044208,HP-FEE-RAF,DP-ATM-XXX
38.286272991242,HP-FEE-RAF,DP-ATM-XXX
39.0728757287855,HP-FEE-RAF,DP-ATM-XXX
39.0728757287855,HP-FEE-RAF,LP-ATM-RAF
39.0799539428588,HP-FEE-RAF,LP-ATM-RAF
39.1481616239219,HP-FEE-RAF,LP-ATM-RAF
39.7694534305451,HP-FEE-RAF,LP-ATM-RAF
41.9608449469793,HP-FEE-RAF,LP-ATM-RAF
45.6521945371554,HP-FEE-RAF,LP-ATM-RAF
50.9576385720831,HP-FEE-RAF,LP-ATM-RAF
58.1217188481218,HP-FEE-RAF,LP-ATM-RAF
60.9619855604813,HP-FEE-RAF,LP-ATM-RAF
63.9509423029779,HP-FEE-RAF,LP-ATM-RAF
67.4298242720251,HP-FEE-RAF,LP-ATM-RAF
69.7129914873907,HP-FEE-RAF,LP-ATM-RAF
74.4386680049244,HP-FEE-RAF,LP-ATM-RAF
76.8619475123849,HP-FEE-RAF,LP-ATM-RAF
78.5605859527053,HP-FEE-RAF,LP-ATM-RAF
80.9972171916082,HP-FEE-RAF,LP-ATM-RAF
83.0651934552205,HP-FEE-RAF,LP-ATM-RAF
85.5573170503181,HP-FEE-RAF,LP-ATM-RAF
87.9833463352728,HP-FEE-RAF,LP-ATM-RAF
91.1561273251007,HP-FEE-RAF,LP-ATM-RAF
93.1788633904944,HP-FEE-RAF,LP-ATM-RAF
97.2936367508574,HP-FEE-RAF,LP-ATM-RAF
97.8083591324231,HP-FEE-RAF,LP-ATM-RAF
100.952653093337,HP-FEE-RAF,LP-ATM-RAF
104.072875728785,HP-FEE-RAF,LP-ATM-RAF
104.072875728785,HP-FEE-RAF,RP-XXX-RAF
104.072905142865,HP-FEE-RAF,RP-XXX-RAF
104.072956614947,HP-FEE-RAF,RP-XXX-RAF
104.073081680171,HP-FEE-RAF,RP-XXX-RAF
104.07328603011,HP-FEE-RAF,RP-XXX-RAF
104.073776207144,HP-FEE-RAF,RP-XXX-RAF
104.074536061945,HP-FEE-RAF,RP-XXX-RAF
104.076362534849,HP-FEE-RAF,RP-XXX-RAF
104.078513894365,HP-FEE-RAF,RP-XXX-RAF
104.083305340141,HP-FEE-RAF,RP-XXX-RAF
104.089333324335,HP-FEE-RAF,RP-XXX-RAF
104.101591573944,HP-FEE-RAF,RP-XXX-RAF
104.116725330346,HP-FEE-RAF,RP-XXX-RAF
104.148523783939,HP-FEE-RAF,RP-XXX-RAF
104.187863684953,HP-FEE-RAF,RP-XXX-RAF
104.25731843018,HP-FEE-RAF,RP-XXX-RAF
104.334429305335,HP-FEE-RAF,RP-XXX-RAF
104.473538868446,HP-FEE-RAF,RP-XXX-RAF
104.610908365327,HP-FEE-RAF,RP-XXX-RAF
104.828418092767,HP-FEE-RAF,RP-XXX-RAF
105.080755619934,HP-FEE-RAF,RP-XXX-RAF
105.523435896098,HP-FEE-RAF,RP-XXX-RAF
106.061748492973,HP-FEE-RAF,RP-XXX-RAF
107.082559034635,HP-FEE-RAF,RP-XXX-RAF
108.072875728785,HP-FEE-RAF,RP-XXX-RAF
108.072875728785,HP-FEE-RAF,RP-FEE-XXX
108.072907310301,HP-FEE-RAF,RP-FEE-XXX
108.073024000438,HP-FEE-RAF,RP-FEE-XXX
108.073225799198,HP-FEE-RAF,RP-FEE-XXX
108.073820115083,HP-FEE-RAF,RP-FEE-XXX
108.074414430968,HP-FEE-RAF,RP-FEE-XXX
108.076329686816,HP-FEE-RAF,RP-FEE-XXX
108.078244942664,HP-FEE-RAF,RP-FEE-XXX
108.081295677212,HP-FEE-RAF,RP-FEE-XXX
108.084346411759,HP-FEE-RAF,RP-FEE-XXX
108.088567833628,HP-FEE-RAF,RP-FEE-XXX
108.093959942818,HP-FEE-RAF,RP-FEE-XXX
108.099352052008,HP-FEE-RAF,RP-FEE-XXX
108.106164167729,HP-FEE-RAF,RP-FEE-XXX
108.119788399172,HP-FEE-RAF,RP-FEE-XXX
108.141074166084,HP-FEE-RAF,RP-FEE-XXX
108.170021468466,HP-FEE-RAF,RP-FEE-XXX
108.210475098192,HP-FEE-RAF,RP-FEE-XXX
108.262435055262,HP-FEE-RAF,RP-FEE-XXX
108.335828409628,HP-FEE-RAF,RP-FEE-XXX
108.430655161291,HP-FEE-RAF,RP-FEE-XXX
108.560398710372,HP-FEE-RAF,RP-FEE-XXX
108.725059056872,HP-FEE-RAF,RP-FEE-XXX
108.889719403372,HP-FEE-RAF,RP-FEE-XXX
109.026705045408,HP-FEE-RAF,RP-FEE-XXX
109.026705045408,DP-ATM-XXX,HP-FEE-RAF
109.026787417766,DP-ATM-XXX,HP-FEE-RAF
109.027334811942,DP-ATM-XXX,HP-FEE-RAF
109.029139588956,DP-ATM-XXX,HP-FEE-RAF
109.033144856386,DP-ATM-XXX,HP-FEE-RAF
109.044858618138,DP-ATM-XXX,HP-FEE-RAF
109.065851548517,DP-ATM-XXX,HP-FEE-RAF
109.139572604895,DP-ATM-XXX,HP-FEE-RAF
109.318127051528,DP-ATM-XXX,HP-FEE-RAF
109.737439812591,DP-ATM-XXX,HP-FEE-RAF
110.43813366994,DP-ATM-XXX,HP-FEE-RAF
112.01708486301,DP-ATM-XXX,HP-FEE-RAF
114.110958944409,DP-ATM-XXX,HP-FEE-RAF
116.482105848242,DP-ATM-XXX,HP-FEE-RAF
119.118293762764,DP-ATM-XXX,HP-FEE-RAF
121.838035637097,DP-ATM-XXX,HP-FEE-RAF
123.921370315091,DP-ATM-XXX,HP-FEE-RAF
126.759522638526,DP-ATM-XXX,HP-FEE-RAF
129.782007060223,DP-ATM-XXX,HP-FEE-RAF
132.823529809566,DP-ATM-XXX,HP-FEE-RAF
133.949612732864,DP-ATM-XXX,HP-FEE-RAF
135.517147446965,DP-ATM-XXX,HP-FEE-RAF
137.28796769683,DP-ATM-XXX,HP-FEE-RAF
140.06001176841,DP-ATM-XXX,HP-FEE-RAF
142.365087236222,DP-ATM-XXX,HP-FEE-RAF
142.365087236222,LP-ATM-RAF,HP-FEE-RAF
142.371065396298,LP-ATM-RAF,HP-FEE-RAF
142.404825787478,LP-ATM-RAF,HP-FEE-RAF
142.776523299188,LP-ATM-RAF,HP-FEE-RAF
144.034380123156,LP-ATM-RAF,HP-FEE-RAF
146.812830259211,LP-ATM-RAF,HP-FEE-RAF
150.9754506715,LP-ATM-RAF,HP-FEE-RAF
156.320056240901,LP-ATM-RAF,HP-FEE-RAF
164.230592135607,LP-ATM-RAF,HP-FEE-RAF
171.287238010096,LP-ATM-RAF,HP-FEE-RAF
179.242879047353,LP-ATM-RAF,HP-FEE-RAF
186.330466382847,LP-ATM-RAF,HP-FEE-RAF
189.301500460985,LP-ATM-RAF,HP-FEE-RAF
190.045304511074,LP-ATM-RAF,HP-FEE-RAF
192.226416859548,LP-ATM-RAF,HP-FEE-RAF
193.415334699687,LP-ATM-RAF,HP-FEE-RAF
195.117792870149,LP-ATM-RAF,HP-FEE-RAF
196.914515708887,LP-ATM-RAF,HP-FEE-RAF
198.649866241971,LP-ATM-RAF,HP-FEE-RAF
199.812510637816,LP-ATM-RAF,HP-FEE-RAF
201.084706641509,LP-ATM-RAF,HP-FEE-RAF
201.586309686194,LP-ATM-RAF,HP-FEE-RAF
203.096767751445,LP-ATM-RAF,HP-FEE-RAF
205.489697375654,LP-ATM-RAF,HP-FEE-RAF
207.365087236222,LP-ATM-RAF,HP-FEE-RAF
207.365087236222,RP-XXX-RAF,HP-FEE-RAF
207.365107568239,RP-XXX-RAF,HP-FEE-RAF
207.365168107635,RP-XXX-RAF,HP-FEE-RAF
207.365262509907,RP-XXX-RAF,HP-FEE-RAF
207.365497177729,RP-XXX-RAF,HP-FEE-RAF
207.365878768211,RP-XXX-RAF,HP-FEE-RAF
207.366555686143,RP-XXX-RAF,HP-FEE-RAF
207.368031794695,RP-XXX-RAF,HP-FEE-RAF
207.370178748988,RP-XXX-RAF,HP-FEE-RAF
207.37357521058,RP-XXX-RAF,HP-FEE-RAF
207.379982225978,RP-XXX-RAF,HP-FEE-RAF
207.388337976466,RP-XXX-RAF,HP-FEE-RAF
207.404622367366,RP-XXX-RAF,HP-FEE-RAF
207.424764313096,RP-XXX-RAF,HP-FEE-RAF
207.455824304698,RP-XXX-RAF,HP-FEE-RAF
207.521879502035,RP-XXX-RAF,HP-FEE-RAF
207.593403306684,RP-XXX-RAF,HP-FEE-RAF
207.696327764982,RP-XXX-RAF,HP-FEE-RAF
207.867215516177,RP-XXX-RAF,HP-FEE-RAF
208.044763015958,RP-XXX-RAF,HP-FEE-RAF
208.350110816156,RP-XXX-RAF,HP-FEE-RAF
208.700164851516,RP-XXX-RAF,HP-FEE-RAF
209.181069211177,RP-XXX-RAF,HP-FEE-RAF
210.154746620621,RP-XXX-RAF,HP-FEE-RAF
211.365087236222,RP-XXX-RAF,HP-FEE-RAF
211.365087236222,RP-FEE-XXX,HP-FEE-RAF
211.365119093434,RP-FEE-XXX,HP-FEE-RAF
211.36523128664,RP-FEE-XXX,HP-FEE-RAF
211.365423815839,RP-FEE-XXX,HP-FEE-RAF
211.366008959161,RP-FEE-XXX,HP-FEE-RAF
211.366594102484,RP-FEE-XXX,HP-FEE-RAF
211.368133152907,RP-FEE-XXX,HP-FEE-RAF
211.36967220333,RP-FEE-XXX,HP-FEE-RAF
211.372414270713,RP-FEE-XXX,HP-FEE-RAF
211.375156338096,RP-FEE-XXX,HP-FEE-RAF
211.378768966155,RP-FEE-XXX,HP-FEE-RAF
211.38325215489,RP-FEE-XXX,HP-FEE-RAF
211.392242382944,RP-FEE-XXX,HP-FEE-RAF
211.401256461582,RP-FEE-XXX,HP-FEE-RAF
211.41027054022,RP-FEE-XXX,HP-FEE-RAF
211.434086903975,RP-FEE-XXX,HP-FEE-RAF
211.45790326773,RP-FEE-XXX,HP-FEE-RAF
211.500405112467,RP-FEE-XXX,HP-FEE-RAF
211.542906957203,RP-FEE-XXX,HP-FEE-RAF
211.623131640531,RP-FEE-XXX,HP-FEE-RAF
211.703356323859,RP-FEE-XXX,HP-FEE-RAF
211.855844520698,RP-FEE-XXX,HP-FEE-RAF
212.008332717536,RP-FEE-XXX,HP-FEE-RAF
212.184576815956,RP-FEE-XXX,HP-FEE-RAF
212.319472184306,RP-FEE-XXX,HP-FEE-RAF
212.319472184306,HP-FEE-RAF,DP-ATM-XXX
212.319554558454,HP-FEE-RAF,DP-ATM-XXX
212.319881044402,HP-FEE-RAF,DP-ATM-XXX
212.3213789419,HP-FEE-RAF,DP-ATM-XXX
212.325912912342,HP-FEE-RAF,DP-ATM-XXX
212.334144737416,HP-FEE-RAF,DP-ATM-XXX
212.351846578524,HP-FEE-RAF,DP-ATM-XXX
212.402700680199,HP-FEE-RAF,DP-ATM-XXX
212.489338551807,HP-FEE-RAF,DP-ATM-XXX
212.737651898464,HP-FEE-RAF,DP-ATM-XXX
213.38176478783,HP-FEE-RAF,DP-ATM-XXX
214.314687313719,HP-FEE-RAF,DP-ATM-XXX
216.242662938098,HP-FEE-RAF,DP-ATM-XXX
218.509745761342,HP-FEE-RAF,DP-ATM-XXX
220.341387591344,HP-FEE-RAF,DP-ATM-XXX
222.907717798952,HP-FEE-RAF,DP-ATM-XXX
225.646683166727,HP-FEE-RAF,DP-ATM-XXX
227.736689153882,HP-FEE-RAF,DP-ATM-XXX
230.55455780002,HP-FEE-RAF,DP-ATM-XXX
233.394444513305,HP-FEE-RAF,DP-ATM-XXX
235.599595382615,HP-FEE-RAF,DP-ATM-XXX
238.126335549815,HP-FEE-RAF,DP-ATM-XXX
240.849946586262,HP-FEE-RAF,DP-ATM-XXX
243.143673263503,HP-FEE-RAF,DP-ATM-XXX
245.829178749516,HP-FEE-RAF,DP-ATM-XXX
245.829178749516,HP-FEE-RAF,LP-ATM-RAF
245.832328700234,HP-FEE-RAF,LP-ATM-RAF
245.852134220395,HP-FEE-RAF,LP-ATM-RAF
245.936905858859,HP-FEE-RAF,LP-ATM-RAF
246.433622152502,HP-FEE-RAF,LP-ATM-RAF
247.739434675607,HP-FEE-RAF,LP-ATM-RAF
249.842034329561,HP-FEE-RAF,LP-ATM-RAF
252.449645785638,HP-FEE-RAF,LP-ATM-RAF
256.073377763695,HP-FEE-RAF,LP-ATM-RAF
261.171069088414,HP-FEE-RAF,LP-ATM-RAF
267.266268816238,HP-FEE-RAF,LP-ATM-RAF
273.401895088818,HP-FEE-RAF,LP-ATM-RAF
280.516090472989,HP-FEE-RAF,LP-ATM-RAF
286.75376781822,HP-FEE-RAF,LP-ATM-RAF
292.991445163451,HP-FEE-RAF,LP-ATM-RAF
298.605354774159,HP-FEE-RAF,LP-ATM-RAF
300.687144054059,HP-FEE-RAF,LP-ATM-RAF
301.727613359182,HP-FEE-RAF,LP-ATM-RAF
303.163059853597,HP-FEE-RAF,LP-ATM-RAF
304.289336092021,HP-FEE-RAF,LP-ATM-RAF
304.544726213969,HP-FEE-RAF,LP-ATM-RAF
305.68119577335,HP-FEE-RAF,LP-ATM-RAF
307.922089682301,HP-FEE-RAF,LP-ATM-RAF
309.650108533576,HP-FEE-RAF,LP-ATM-RAF
310.829178749516,HP-FEE-RAF,LP-ATM-RAF
310.829178749516,HP-FEE-RAF,RP-XXX-RAF
310.829199081565,HP-FEE-RAF,RP-XXX-RAF
310.829259623775,HP-FEE-RAF,RP-XXX-RAF
310.829354041014,HP-FEE-RAF,RP-XXX-RAF
310.829588760672,HP-FEE-RAF,RP-XXX-RAF
310.829970452306,HP-FEE-RAF,RP-XXX-RAF
310.830837296237,HP-FEE-RAF,RP-XXX-RAF
310.832124160244,HP-FEE-RAF,RP-XXX-RAF
310.834271964092,HP-FEE-RAF,RP-XXX-RAF
310.838621867538,HP-FEE-RAF,RP-XXX-RAF
310.844074636203,HP-FEE-RAF,RP-XXX-RAF
310.855099069708,HP-FEE-RAF,RP-XXX-RAF
310.868688734536,HP-FEE-RAF,RP-XXX-RAF
310.888798810253,HP-FEE-RAF,RP-XXX-RAF
310.932763475147,HP-FEE-RAF,RP-XXX-RAF
310.984616935502,HP-FEE-RAF,RP-XXX-RAF
311.072673377637,HP-FEE-RAF,RP-XXX-RAF
311.184595196198,HP-FEE-RAF,RP-XXX-RAF
311.360153428211,HP-FEE-RAF,RP-XXX-RAF
311.542528916302,HP-FEE-RAF,RP-XXX-RAF
311.783146863704,HP-FEE-RAF,RP-XXX-RAF
312.222652796465,HP-FEE-RAF,RP-XXX-RAF
312.738348153494,HP-FEE-RAF,RP-XXX-RAF
313.759777812639,HP-FEE-RAF,RP-XXX-RAF
314.829178749516,HP-FEE-RAF,RP-XXX-RAF
314.829178749516,HP-FEE-RAF,RP-FEE-XXX
314.829210566388,HP-FEE-RAF,RP-FEE-XXX
314.829324228004,HP-FEE-RAF,RP-FEE-XXX
314.829519734365,HP-FEE-RAF,RP-FEE-XXX
314.830108005905,HP-FEE-RAF,RP-FEE-XXX
314.830696277445,HP-FEE-RAF,RP-FEE-XXX
314.832284387114,HP-FEE-RAF,RP-FEE-XXX
314.833872496782,HP-FEE-RAF,RP-FEE-XXX
314.836676979942,HP-FEE-RAF,RP-FEE-XXX
314.839481463101,HP-FEE-RAF,RP-FEE-XXX
314.843187180386,HP-FEE-RAF,RP-FEE-XXX
314.847794131796,HP-FEE-RAF,RP-FEE-XXX
314.857230366076,HP-FEE-RAF,RP-FEE-XXX
314.866888931814,HP-FEE-RAF,RP-FEE-XXX
314.876547497552,HP-FEE-RAF,RP-FEE-XXX
314.902006314824,HP-FEE-RAF,RP-FEE-XXX
314.927465132096,HP-FEE-RAF,RP-FEE-XXX
314.967408015083,HP-FEE-RAF,RP-FEE-XXX
315.021834963786,HP-FEE-RAF,RP-FEE-XXX
315.097508830752,HP-FEE-RAF,RP-FEE-XXX
315.194429615983,HP-FEE-RAF,RP-FEE-XXX
315.291350401214,HP-FEE-RAF,RP-FEE-XXX
315.473288560785,HP-FEE-RAF,RP-FEE-XXX
315.655226720356,HP-FEE-RAF,RP-FEE-XXX
315.783166988074,HP-FEE-RAF,RP-FEE-XXX
315.783166988074,DP-ATM-XXX,HP-FEE-RAF
315.783249361086,DP-ATM-XXX,HP-FEE-RAF
315.783575839882,DP-ATM-XXX,HP-FEE-RAF
315.785073660191,DP-ATM-XXX,HP-FEE-RAF
315.789607195401,DP-ATM-XXX,HP-FEE-RAF
315.797958321516,DP-ATM-XXX,HP-FEE-RAF
315.8158668442,DP-ATM-XXX,HP-FEE-RAF
315.846948142285,DP-ATM-XXX,HP-FEE-RAF
315.956969215968,DP-ATM-XXX,HP-FEE-RAF
316.21207270988,DP-ATM-XXX,HP-FEE-RAF
316.554141925164,DP-ATM-XXX,HP-FEE-RAF
317.786465717228,DP-ATM-XXX,HP-FEE-RAF
319.737348309188,DP-ATM-XXX,HP-FEE-RAF
321.409920111994,DP-ATM-XXX,HP-FEE-RAF
323.841639411583,DP-ATM-XXX,HP-FEE-RAF
325.804967113679,DP-ATM-XXX,HP-FEE-RAF
328.553114690387,DP-ATM-XXX,HP-FEE-RAF
331.347641613255,DP-ATM-XXX,HP-FEE-RAF
333.450107353831,DP-ATM-XXX,HP-FEE-RAF
336.364292742627,DP-ATM-XXX,HP-FEE-RAF
339.334741245588,DP-ATM-XXX,HP-FEE-RAF
341.217585891048,DP-ATM-XXX,HP-FEE-RAF
343.993540668199,DP-ATM-XXX,HP-FEE-RAF
346.274628188468,DP-ATM-XXX,HP-FEE-RAF
349.19548908507,DP-ATM-XXX,HP-FEE-RAF
349.19548908507,LP-ATM-RAF,HP-FEE-RAF
349.200053605169,LP-ATM-RAF,HP-FEE-RAF
349.229544286894,LP-ATM-RAF,HP-FEE-RAF
349.458046085359,LP-ATM-RAF,HP-FEE-RAF
350.407190923985,LP-ATM-RAF,HP-FEE-RAF
352.602736402688,LP-ATM-RAF,HP-FEE-RAF
355.505759956618,LP-ATM-RAF,HP-FEE-RAF
359.81412540511,LP-ATM-RAF,HP-FEE-RAF
365.893944601343,LP-ATM-RAF,HP-FEE-RAF
372.792870961482,LP-ATM-RAF,HP-FEE-RAF
379.874189776515,LP-ATM-RAF,HP-FEE-RAF
386.755509138669,LP-ATM-RAF,HP-FEE-RAF
393.181374194483,LP-ATM-RAF,HP-FEE-RAF
396.603148326325,LP-ATM-RAF,HP-FEE-RAF
398.88563363341,LP-ATM-RAF,HP-FEE-RAF
401.191864950996,LP-ATM-RAF,HP-FEE-RAF
403.669459208951,LP-ATM-RAF,HP-FEE-RAF
405.522090618573,LP-ATM-RAF,HP-FEE-RAF
407.466991453368,LP-ATM-RAF,HP-FEE-RAF
407.914184264536,LP-ATM-RAF,HP-FEE-RAF
408.604439513531,LP-ATM-RAF,HP-FEE-RAF
410.190860062345,LP-ATM-RAF,HP-FEE-RAF
411.287947819042,LP-ATM-RAF,HP-FEE-RAF
413.049931765651,LP-ATM-RAF,HP-FEE-RAF
414.19548908507,LP-ATM-RAF,HP-FEE-RAF
414.19548908507,RP-XXX-RAF,HP-FEE-RAF
414.1955094171,RP-XXX-RAF,HP-FEE-RAF
414.19556995766,RP-XXX-RAF,HP-FEE-RAF
414.195664366127,RP-XXX-RAF,HP-FEE-RAF
414.195899055397,RP-XXX-RAF,HP-FEE-RAF
414.196280687707,RP-XXX-RAF,HP-FEE-RAF
414.197147380323,RP-XXX-RAF,HP-FEE-RAF
414.198433995141,RP-XXX-RAF,HP-FEE-RAF
414.200581299084,RP-XXX-RAF,HP-FEE-RAF
414.204926804483,RP-XXX-RAF,HP-FEE-RAF
414.210376532524,RP-XXX-RAF,HP-FEE-RAF
414.221390892782,RP-XXX-RAF,HP-FEE-RAF
414.23496261933,RP-XXX-RAF,HP-FEE-RAF
414.255037362222,RP-XXX-RAF,HP-FEE-RAF
414.299074115779,RP-XXX-RAF,HP-FEE-RAF
414.351490870758,RP-XXX-RAF,HP-FEE-RAF
414.440084910381,RP-XXX-RAF,HP-FEE-RAF
414.552711732831,RP-XXX-RAF,HP-FEE-RAF
414.731146754514,RP-XXX-RAF,HP-FEE-RAF
414.917290037364,RP-XXX-RAF,HP-FEE-RAF
415.167137578552,RP-XXX-RAF,HP-FEE-RAF
415.61503264174,RP-XXX-RAF,HP-FEE-RAF
416.130983662444,RP-XXX-RAF,HP-FEE-RAF
417.178570743521,RP-XXX-RAF,HP-FEE-RAF
418.19548908507,RP-XXX-RAF,HP-FEE-RAF
418.19548908507,RP-FEE-XXX,HP-FEE-RAF
418.195520925985,RP-FEE-XXX,HP-FEE-RAF
418.195633773058,RP-FEE-XXX,HP-FEE-RAF
418.195827626288,RP-FEE-XXX,HP-FEE-RAF
418.196414161852,RP-FEE-XXX,HP-FEE-RAF
418.197000697417,RP-FEE-XXX,HP-FEE-RAF
418.198560514324,RP-FEE-XXX,HP-FEE-RAF
418.200120331232,RP-FEE-XXX,HP-FEE-RAF
418.202888631899,RP-FEE-XXX,HP-FEE-RAF
418.205656932565,RP-FEE-XXX,HP-FEE-RAF
418.209296871172,RP-FEE-XXX,HP-FEE-RAF
418.213808447719,RP-FEE-XXX,HP-FEE-RAF
418.222967930794,RP-FEE-XXX,HP-FEE-RAF
418.232263743849,RP-FEE-XXX,HP-FEE-RAF
418.241559556904,RP-FEE-XXX,HP-FEE-RAF
418.265742151751,RP-FEE-XXX,HP-FEE-RAF
418.289924746597,RP-FEE-XXX,HP-FEE-RAF
418.333261725595,RP-FEE-XXX,HP-FEE-RAF
418.376598704592,RP-FEE-XXX,HP-FEE-RAF
418.458351801079,RP-FEE-XXX,HP-FEE-RAF
418.540104897566,RP-FEE-XXX,HP-FEE-RAF
418.695601111676,RP-FEE-XXX,HP-FEE-RAF
418.851097325785,RP-FEE-XXX,HP-FEE-RAF
419.02884543284,RP-FEE-XXX,HP-FEE-RAF
419.149789136467,RP-FEE-XXX,HP-FEE-RAF
419.149789136467,HP-FEE-RAF,DP-ATM-XXX
419.149871509621,HP-FEE-RAF,DP-ATM-XXX
419.150197990005,HP-FEE-RAF,DP-ATM-XXX
419.151695823308,HP-FEE-RAF,DP-ATM-XXX
419.156229421269,HP-FEE-RAF,DP-ATM-XXX
419.164511029127,HP-FEE-RAF,DP-ATM-XXX
419.182237853312,HP-FEE-RAF,DP-ATM-XXX
419.233522507267,HP-FEE-RAF,DP-ATM-XXX
419.321035474673,HP-FEE-RAF,DP-ATM-XXX
419.571773592555,HP-FEE-RAF,DP-ATM-XXX
420.217626221635,HP-FEE-RAF,DP-ATM-XXX
421.146098699312,HP-FEE-RAF,DP-ATM-XXX
423.082303904168,HP-FEE-RAF,DP-ATM-XXX
425.348102626602,HP-FEE-RAF,DP-ATM-XXX
427.18208025319,HP-FEE-RAF,DP-ATM-XXX
429.766664302955,HP-FEE-RAF,DP-ATM-XXX
432.531311527261,HP-FEE-RAF,DP-ATM-XXX
434.625689311682,HP-FEE-RAF,DP-ATM-XXX
437.438332479767,HP-FEE-RAF,DP-ATM-XXX
440.269609282039,HP-FEE-RAF,DP-ATM-XXX
442.495750009731,HP-FEE-RAF,DP-ATM-XXX
445.076553864826,HP-FEE-RAF,DP-ATM-XXX
447.84905454641,HP-FEE-RAF,DP-ATM-XXX
450.169048622921,HP-FEE-RAF,DP-ATM-XXX
452.576171861132,HP-FEE-RAF,DP-ATM-XXX
452.576171861132,HP-FEE-RAF,LP-ATM-RAF
452.580734015366,HP-FEE-RAF,LP-ATM-RAF
452.610193089745,HP-FEE-RAF,LP-ATM-RAF
452.838592053819,HP-FEE-RAF,LP-ATM-RAF
453.786425830831,HP-FEE-RAF,LP-ATM-RAF
455.977367192549,HP-FEE-RAF,LP-ATM-RAF
458.850244340933,HP-FEE-RAF,LP-ATM-RAF
463.127062430559,HP-FEE-RAF,LP-ATM-RAF
469.228698829602,HP-FEE-RAF,LP-ATM-RAF
476.130311821534,HP-FEE-RAF,LP-ATM-RAF
483.151085509003,HP-FEE-RAF,LP-ATM-RAF
490.210302614511,HP-FEE-RAF,LP-ATM-RAF
497.269519720018,HP-FEE-RAF,LP-ATM-RAF
500.029000238728,HP-FEE-RAF,LP-ATM-RAF
502.222512678779,HP-FEE-RAF,LP-ATM-RAF
504.400626920015,HP-FEE-RAF,LP-ATM-RAF
505.669375190186,HP-FEE-RAF,LP-ATM-RAF
507.264132485627,HP-FEE-RAF,LP-ATM-RAF
509.458534372404,HP-FEE-RAF,LP-ATM-RAF
511.110478485259,HP-FEE-RAF,LP-ATM-RAF
511.285239882131,HP-FEE-RAF,LP-ATM-RAF
513.054951677114,HP-FEE-RAF,LP-ATM-RAF
514.727004969774,HP-FEE-RAF,LP-ATM-RAF
515.841170085299,HP-FEE-RAF,LP-ATM-RAF
517.576171861132,HP-FEE-RAF,LP-ATM-RAF
517.576171861132,HP-FEE-RAF,RP-XXX-RAF
517.576192193165,HP-FEE-RAF,RP-XXX-RAF
517.576252733956,HP-FEE-RAF,RP-XXX-RAF
517.576347143656,HP-FEE-RAF,RP-XXX-RAF
517.576581837193,HP-FEE-RAF,RP-XXX-RAF
517.576963477826,HP-FEE-RAF,RP-XXX-RAF
517.577640495044,HP-FEE-RAF,RP-XXX-RAF
517.579116840974,HP-FEE-RAF,RP-XXX-RAF
517.581264214141,HP-FEE-RAF,RP-XXX-RAF
517.58465585324,HP-FEE-RAF,RP-XXX-RAF
517.591054939076,HP-FEE-RAF,RP-XXX-RAF
517.59939156322,HP-FEE-RAF,RP-XXX-RAF
517.615618782924,HP-FEE-RAF,RP-XXX-RAF
517.635666102088,HP-FEE-RAF,RP-XXX-RAF
517.666546346016,HP-FEE-RAF,RP-XXX-RAF
517.731920538893,HP-FEE-RAF,RP-XXX-RAF
517.802594088111,HP-FEE-RAF,RP-XXX-RAF
517.904406661265,HP-FEE-RAF,RP-XXX-RAF
518.072658783816,HP-FEE-RAF,RP-XXX-RAF
518.246238487371,HP-FEE-RAF,RP-XXX-RAF
518.543823555854,HP-FEE-RAF,RP-XXX-RAF
518.885235350438,HP-FEE-RAF,RP-XXX-RAF
519.354653457961,HP-FEE-RAF,RP-XXX-RAF
520.294362783077,HP-FEE-RAF,RP-XXX-RAF
521.576171861132,HP-FEE-RAF,RP-XXX-RAF
521.576171861132,HP-FEE-RAF,RP-FEE-XXX
521.576203696969,HP-FEE-RAF,RP-FEE-XXX
521.576316661668,HP-FEE-RAF,RP-FEE-XXX
521.576510755228,HP-FEE-RAF,RP-FEE-XXX
521.577097519512,HP-FEE-RAF,RP-FEE-XXX
521.577684283796,HP-FEE-RAF,RP-FEE-XXX
521.579248269455,HP-FEE-RAF,RP-FEE-XXX
521.580812255113,HP-FEE-RAF,RP-FEE-XXX
521.583585855116,HP-FEE-RAF,RP-FEE-XXX
521.58635945512,HP-FEE-RAF,RP-FEE-XXX
521.590008971236,HP-FEE-RAF,RP-FEE-XXX
521.594534403464,HP-FEE-RAF,RP-FEE-XXX
521.603733807012,HP-FEE-RAF,RP-FEE-XXX
521.613081749649,HP-FEE-RAF,RP-FEE-XXX
521.622429692286,HP-FEE-RAF,RP-FEE-XXX
521.646692292167,HP-FEE-RAF,RP-FEE-XXX
521.670954892049,HP-FEE-RAF,RP-FEE-XXX
521.714468878301,HP-FEE-RAF,RP-FEE-XXX
521.757982864553,HP-FEE-RAF,RP-FEE-XXX
521.840051848949,HP-FEE-RAF,RP-FEE-XXX
521.922120833345,HP-FEE-RAF,RP-FEE-XXX
522.078238225461,HP-FEE-RAF,RP-FEE-XXX
522.234355617576,HP-FEE-RAF,RP-FEE-XXX
522.412414313634,HP-FEE-RAF,RP-FEE-XXX
522.530705374401,HP-FEE-RAF,RP-FEE-XXX
522.530705374401,DP-ATM-XXX,HP-FEE-RAF
522.53078774743,DP-ATM-XXX,HP-FEE-RAF
522.531114227037,DP-ATM-XXX,HP-FEE-RAF
522.532612051792,DP-ATM-XXX,HP-FEE-RAF
522.537145601252,DP-ATM-XXX,HP-FEE-RAF
522.545437886986,DP-ATM-XXX,HP-FEE-RAF
522.56318217734,DP-ATM-XXX,HP-FEE-RAF
522.614564976517,DP-ATM-XXX,HP-FEE-RAF
522.702278409569,DP-ATM-XXX,HP-FEE-RAF
522.953608434339,DP-ATM-XXX,HP-FEE-RAF
523.600083952985,DP-ATM-XXX,HP-FEE-RAF
524.528110912601,DP-ATM-XXX,HP-FEE-RAF
526.463663953462,DP-ATM-XXX,HP-FEE-RAF
528.727703130789,DP-ATM-XXX,HP-FEE-RAF
530.561630214749,DP-ATM-XXX,HP-FEE-RAF
533.150269438291,DP-ATM-XXX,HP-FEE-RAF
535.918912388718,DP-ATM-XXX,HP-FEE-RAF
538.013678749451,DP-ATM-XXX,HP-FEE-RAF
540.825226051341,DP-ATM-XXX,HP-FEE-RAF
543.65578152014,DP-ATM-XXX,HP-FEE-RAF
545.900936688272,DP-ATM-XXX,HP-FEE-RAF
548.496885137773,DP-ATM-XXX,HP-FEE-RAF
551.277250342101,DP-ATM-XXX,HP-FEE-RAF
553.600234755135,DP-ATM-XXX,HP-FEE-RAF
555.944191838908,DP-ATM-XXX,HP-FEE-RAF
555.944191838908,LP-ATM-RAF,HP-FEE-RAF
555.948756124292,LP-ATM-RAF,HP-FEE-RAF
555.983704907519,LP-ATM-RAF,HP-FEE-RAF
556.258325416284,LP-ATM-RAF,HP-FEE-RAF
557.326278878748,LP-ATM-RAF,HP-FEE-RAF
559.680455490124,LP-ATM-RAF,HP-FEE-RAF
563.247634382166,LP-ATM-RAF,HP-FEE-RAF
567.766953930558,LP-ATM-RAF,HP-FEE-RAF
574.382177420701,LP-ATM-RAF,HP-FEE-RAF
581.329080826248,LP-ATM-RAF,HP-FEE-RAF
589.245353009693,LP-ATM-RAF,HP-FEE-RAF
596.391286293658,LP-ATM-RAF,HP-FEE-RAF
600.410873765888,LP-ATM-RAF,HP-FEE-RAF
601.316691976902,LP-ATM-RAF,HP-FEE-RAF
605.329569107394,LP-ATM-RAF,HP-FEE-RAF
607.879262559526,LP-ATM-RAF,HP-FEE-RAF
609.53546606674,LP-ATM-RAF,HP-FEE-RAF
611.202916383228,LP-ATM-RAF,HP-FEE-RAF
612.921829636477,LP-ATM-RAF,HP-FEE-RAF
614.579652679077,LP-ATM-RAF,HP-FEE-RAF
615.024379803952,LP-ATM-RAF,HP-FEE-RAF
616.732200734731,LP-ATM-RAF,HP-FEE-RAF
617.547853383781,LP-ATM-RAF,HP-FEE-RAF
619.04579913277,LP-ATM-RAF,HP-FEE-RAF
620.944191838908,LP-ATM-RAF,HP-FEE-RAF
620.944191838908,RP-XXX-RAF,HP-FEE-RAF
620.944212170938,RP-XXX-RAF,HP-FEE-RAF
620.944272711519,RP-XXX-RAF,HP-FEE-RAF
620.944367120097,RP-XXX-RAF,HP-FEE-RAF
620.94460180975,RP-XXX-RAF,HP-FEE-RAF
620.944983442799,RP-XXX-RAF,HP-FEE-RAF
620.945660444916,RP-XXX-RAF,HP-FEE-RAF
620.947136754432,RP-XXX-RAF,HP-FEE-RAF
620.949284063105,RP-XXX-RAF,HP-FEE-RAF
620.952673671197,RP-XXX-RAF,HP-FEE-RAF
620.959068526523,RP-XXX-RAF,HP-FEE-RAF
620.967398439619,RP-XXX-RAF,HP-FEE-RAF
620.983608367674,RP-XXX-RAF,HP-FEE-RAF
621.003626425443,RP-XXX-RAF,HP-FEE-RAF
621.034450297786,RP-XXX-RAF,HP-FEE-RAF
621.099907042306,RP-XXX-RAF,HP-FEE-RAF
621.170612280917,RP-XXX-RAF,HP-FEE-RAF
621.272321716173,RP-XXX-RAF,HP-FEE-RAF
621.440773579692,RP-XXX-RAF,HP-FEE-RAF
621.614791015852,RP-XXX-RAF,HP-FEE-RAF
621.913331230998,RP-XXX-RAF,HP-FEE-RAF
622.256213398663,RP-XXX-RAF,HP-FEE-RAF
622.728079025202,RP-XXX-RAF,HP-FEE-RAF
623.673375977085,RP-XXX-RAF,HP-FEE-RAF
624.944191838908,RP-XXX-RAF,HP-FEE-RAF
624.944191838908,RP-FEE-XXX,HP-FEE-RAF
624.944223678236,RP-FEE-XXX,HP-FEE-RAF
624.944336536078,RP-FEE-XXX,HP-FEE-RAF
624.944530412433,RP-FEE-XXX,HP-FEE-RAF
624.945116956019,RP-FEE-XXX,HP-FEE-RAF
624.945703499605,RP-FEE-XXX,HP-FEE-RAF
624.947263851697,RP-FEE-XXX,HP-FEE-RAF
624.94882420379,RP-FEE-XXX,HP-FEE-RAF
624.951593184692,RP-FEE-XXX,HP-FEE-RAF
624.954362165595,RP-FEE-XXX,HP-FEE-RAF
624.958003346616,RP-FEE-XXX,HP-FEE-RAF
624.962516727756,RP-FEE-XXX,HP-FEE-RAF
624.971681450935,RP-FEE-XXX,HP-FEE-RAF
624.980984135014,RP-FEE-XXX,HP-FEE-RAF
624.990286819092,RP-FEE-XXX,HP-FEE-RAF
625.014479639427,RP-FEE-XXX,HP-FEE-RAF
625.038672459762,RP-FEE-XXX,HP-FEE-RAF
625.082031656463,RP-FEE-XXX,HP-FEE-RAF
625.125390853163,RP-FEE-XXX,HP-FEE-RAF
625.207184173574,RP-FEE-XXX,HP-FEE-RAF
625.288977493986,RP-FEE-XXX,HP-FEE-RAF
625.444549712073,RP-FEE-XXX,HP-FEE-RAF
625.600121930159,RP-FEE-XXX,HP-FEE-RAF
625.777908039203,RP-FEE-XXX,HP-FEE-RAF
625.898670615528,RP-FEE-XXX,HP-FEE-RAF
625.898670615528,HP-FEE-RAF,DP-ATM-XXX
625.898752988567,HP-FEE-RAF,DP-ATM-XXX
625.899079468352,HP-FEE-RAF,DP-ATM-XXX
625.900577294412,HP-FEE-RAF,DP-ATM-XXX
625.905110849592,HP-FEE-RAF,DP-ATM-XXX
625.913394134622,HP-FEE-RAF,DP-ATM-XXX
625.931123496156,HP-FEE-RAF,DP-ATM-XXX
625.982424288608,HP-FEE-RAF,DP-ATM-XXX
626.069972191383,HP-FEE-RAF,DP-ATM-XXX
626.320812746759,HP-FEE-RAF,DP-ATM-XXX
626.967212817426,HP-FEE-RAF,DP-ATM-XXX
627.896948807217,HP-FEE-RAF,DP-ATM-XXX
629.837152507966,HP-FEE-RAF,DP-ATM-XXX
632.102927301973,HP-FEE-RAF,DP-ATM-XXX
633.937279813723,HP-FEE-RAF,DP-ATM-XXX
636.526092877205,HP-FEE-RAF,DP-ATM-XXX
639.298862966492,HP-FEE-RAF,DP-ATM-XXX
641.388618059135,HP-FEE-RAF,DP-ATM-XXX
644.192054058242,HP-FEE-RAF,DP-ATM-XXX
647.026422632747,HP-FEE-RAF,DP-ATM-XXX
649.260508150617,HP-FEE-RAF,DP-ATM-XXX
651.850849827586,HP-FEE-RAF,DP-ATM-XXX
654.629371985802,HP-FEE-RAF,DP-ATM-XXX
656.95150871878,HP-FEE-RAF,DP-ATM-XXX
659.312929122359,HP-FEE-RAF,DP-ATM-XXX
659.312929122359,HP-FEE-RAF,LP-ATM-RAF
659.317493253355,HP-FEE-RAF,LP-ATM-RAF
659.346981136843,HP-FEE-RAF,LP-ATM-RAF
659.523930358353,HP-FEE-RAF,LP-ATM-RAF
660.354015891569,HP-FEE-RAF,LP-ATM-RAF
662.39019963332,HP-FEE-RAF,LP-ATM-RAF
665.23530222228,HP-FEE-RAF,LP-ATM-RAF
668.713403865432,HP-FEE-RAF,LP-ATM-RAF
674.309207023119,HP-FEE-RAF,LP-ATM-RAF
681.19459299,HP-FEE-RAF,LP-ATM-RAF
688.167876922357,HP-FEE-RAF,LP-ATM-RAF
694.291658054674,HP-FEE-RAF,LP-ATM-RAF
701.326200779449,HP-FEE-RAF,LP-ATM-RAF
705.31682079627,HP-FEE-RAF,LP-ATM-RAF
708.550271373213,HP-FEE-RAF,LP-ATM-RAF
709.652585967792,HP-FEE-RAF,LP-ATM-RAF
711.407687810821,HP-FEE-RAF,LP-ATM-RAF
714.918659893103,HP-FEE-RAF,LP-ATM-RAF
715.974333539115,HP-FEE-RAF,LP-ATM-RAF
717.862666324707,HP-FEE-RAF,LP-ATM-RAF
718.084292313552,HP-FEE-RAF,LP-ATM-RAF
718.669904174201,HP-FEE-RAF,LP-ATM-RAF
720.032622271244,HP-FEE-RAF,LP-ATM-RAF
722.33091390657,HP-FEE-RAF,LP-ATM-RAF
724.312929122359,HP-FEE-RAF,LP-ATM-RAF
724.312929122359,HP-FEE-RAF,RP-XXX-RAF
724.312949454389,HP-FEE-RAF,RP-XXX-RAF
724.313009994983,HP-FEE-RAF,RP-XXX-RAF
724.31310440363,HP-FEE-RAF,RP-XXX-RAF
724.313339093515,HP-FEE-RAF,RP-XXX-RAF
724.313720727013,HP-FEE-RAF,RP-XXX-RAF
724.314397729967,HP-FEE-RAF,RP-XXX-RAF
724.315874041299,HP-FEE-RAF,RP-XXX-RAF
724.318021353039,HP-FEE-RAF,RP-XXX-RAF
724.321409154773,HP-FEE-RAF,RP-XXX-RAF
724.327801957608,HP-FEE-RAF,RP-XXX-RAF
724.336127091238,HP-FEE-RAF,RP-XXX-RAF
724.352322183494,HP-FEE-RAF,RP-XXX-RAF
724.372315867555,HP-FEE-RAF,RP-XXX-RAF
724.403093331135,HP-FEE-RAF,RP-XXX-RAF
724.468522939073,HP-FEE-RAF,RP-XXX-RAF
724.540296426262,HP-FEE-RAF,RP-XXX-RAF
724.643069881966,HP-FEE-RAF,RP-XXX-RAF
724.810631777591,HP-FEE-RAF,RP-XXX-RAF
724.984144654087,HP-FEE-RAF,RP-XXX-RAF
725.283264581419,HP-FEE-RAF,RP-XXX-RAF
725.625405775069,HP-FEE-RAF,RP-XXX-RAF
726.094815836031,HP-FEE-RAF,RP-XXX-RAF
727.037707101853,HP-FEE-RAF,RP-XXX-RAF
728.312929122359,HP-FEE-RAF,RP-XXX-RAF
728.312929122359,HP-FEE-RAF,RP-FEE-XXX
728.312960961534,HP-FEE-RAF,RP-FEE-XXX
728.313073822978,HP-FEE-RAF,RP-FEE-XXX
728.313267706692,HP-FEE-RAF,RP-FEE-XXX
728.313854256486,HP-FEE-RAF,RP-FEE-XXX
728.31444080628,HP-FEE-RAF,RP-FEE-XXX
728.316001271368,HP-FEE-RAF,RP-FEE-XXX
728.317561736455,HP-FEE-RAF,RP-FEE-XXX
728.320330859606,HP-FEE-RAF,RP-FEE-XXX
728.323099982756,HP-FEE-RAF,RP-FEE-XXX
728.326741421328,HP-FEE-RAF,RP-FEE-XXX
728.331255175323,HP-FEE-RAF,RP-FEE-XXX
728.340420968822,HP-FEE-RAF,RP-FEE-XXX
728.349725047831,HP-FEE-RAF,RP-FEE-XXX
728.359029126841,HP-FEE-RAF,RP-FEE-XXX
728.383224050589,HP-FEE-RAF,RP-FEE-XXX
728.407418974337,HP-FEE-RAF,RP-FEE-XXX
728.450782827934,HP-FEE-RAF,RP-FEE-XXX
728.494146681532,HP-FEE-RAF,RP-FEE-XXX
728.575948381736,HP-FEE-RAF,RP-FEE-XXX
728.65775008194,HP-FEE-RAF,RP-FEE-XXX
728.813341110914,HP-FEE-RAF,RP-FEE-XXX
728.968932139889,HP-FEE-RAF,RP-FEE-XXX
729.146727654376,HP-FEE-RAF,RP-FEE-XXX
729.267427576068,HP-FEE-RAF,RP-FEE-XXX
729.267427576068,DP-ATM-XXX,HP-FEE-RAF
729.267509949086,DP-ATM-XXX,HP-FEE-RAF
729.267836428758,DP-ATM-XXX,HP-FEE-RAF
729.26933425346,DP-ATM-XXX,HP-FEE-RAF
729.273867800677,DP-ATM-XXX,HP-FEE-RAF
729.282151492221,DP-ATM-XXX,HP-FEE-RAF
729.29988151922,DP-ATM-XXX,HP-FEE-RAF
729.351185979977,DP-ATM-XXX,HP-FEE-RAF
729.438741354942,DP-ATM-XXX,HP-FEE-RAF
729.689603627864,DP-ATM-XXX,HP-FEE-RAF
730.335801320078,DP-ATM-XXX,HP-FEE-RAF
731.264846960751,DP-ATM-XXX,HP-FEE-RAF
733.202880379575,DP-ATM-XXX,HP-FEE-RAF
735.467595427097,DP-ATM-XXX,HP-FEE-RAF
737.30105420216,DP-ATM-XXX,HP-FEE-RAF
739.8876714549,DP-ATM-XXX,HP-FEE-RAF
742.655147729138,DP-ATM-XXX,HP-FEE-RAF
744.744023798112,DP-ATM-XXX,HP-FEE-RAF
747.544985122783,DP-ATM-XXX,HP-FEE-RAF
750.366788418978,DP-ATM-XXX,HP-FEE-RAF
752.590617436259,DP-ATM-XXX,HP-FEE-RAF
755.177114005854,DP-ATM-XXX,HP-FEE-RAF
757.95556360416,DP-ATM-XXX,HP-FEE-RAF
760.278017771119,DP-ATM-XXX,HP-FEE-RAF
762.679818273244,DP-ATM-XXX,HP-FEE-RAF
762.679818273244,LP-ATM-RAF,HP-FEE-RAF
762.684382719163,LP-ATM-RAF,HP-FEE-RAF
762.708416205477,LP-ATM-RAF,HP-FEE-RAF
762.890847158113,LP-ATM-RAF,HP-FEE-RAF
763.721036841403,LP-ATM-RAF,HP-FEE-RAF
765.428317784454,LP-ATM-RAF,HP-FEE-RAF
768.224169635478,LP-ATM-RAF,HP-FEE-RAF
772.088300339748,LP-ATM-RAF,HP-FEE-RAF
776.830787001143,LP-ATM-RAF,HP-FEE-RAF
783.714913311571,LP-ATM-RAF,HP-FEE-RAF
790.685953379121,LP-ATM-RAF,HP-FEE-RAF
796.821646506609,LP-ATM-RAF,HP-FEE-RAF
803.853271602282,LP-ATM-RAF,HP-FEE-RAF
811.023964350774,LP-ATM-RAF,HP-FEE-RAF
814.161142428239,LP-ATM-RAF,HP-FEE-RAF
815.208129224499,LP-ATM-RAF,HP-FEE-RAF
817.114190578333,LP-ATM-RAF,HP-FEE-RAF
818.447643100138,LP-ATM-RAF,HP-FEE-RAF
820.420474372386,LP-ATM-RAF,HP-FEE-RAF
821.317111156726,LP-ATM-RAF,HP-FEE-RAF
821.623304869998,LP-ATM-RAF,HP-FEE-RAF
823.12141333859,LP-ATM-RAF,HP-FEE-RAF
825.219581898994,LP-ATM-RAF,HP-FEE-RAF
826.910533213133,LP-ATM-RAF,HP-FEE-RAF
827.679818273244,LP-ATM-RAF,HP-FEE-RAF
827.679818273244,RP-XXX-RAF,HP-FEE-RAF
827.679838605274,RP-XXX-RAF,HP-FEE-RAF
827.679899145838,RP-XXX-RAF,HP-FEE-RAF
827.679993554325,RP-XXX-RAF,HP-FEE-RAF
827.680228243658,RP-XXX-RAF,HP-FEE-RAF
827.680609876075,RP-XXX-RAF,HP-FEE-RAF
827.681286876832,RP-XXX-RAF,HP-FEE-RAF
827.682763182716,RP-XXX-RAF,HP-FEE-RAF
827.684910484682,RP-XXX-RAF,HP-FEE-RAF
827.688296479376,RP-XXX-RAF,HP-FEE-RAF
827.694685896299,RP-XXX-RAF,HP-FEE-RAF
827.703005200768,RP-XXX-RAF,HP-FEE-RAF
827.71918463313,RP-XXX-RAF,HP-FEE-RAF
827.739152142558,RP-XXX-RAF,HP-FEE-RAF
827.769879501592,RP-XXX-RAF,HP-FEE-RAF
827.83527915862,RP-XXX-RAF,HP-FEE-RAF
827.90686489015,RP-XXX-RAF,HP-FEE-RAF
828.00947676457,RP-XXX-RAF,HP-FEE-RAF
828.176940744225,RP-XXX-RAF,HP-FEE-RAF
828.350388206185,RP-XXX-RAF,HP-FEE-RAF
828.649373822546,RP-XXX-RAF,HP-FEE-RAF
828.991402156977,RP-XXX-RAF,HP-FEE-RAF
829.460706842387,RP-XXX-RAF,HP-FEE-RAF
830.403534419058,RP-XXX-RAF,HP-FEE-RAF
831.679818273244,RP-XXX-RAF,HP-FEE-RAF
831.679818273244,RP-FEE-XXX,HP-FEE-RAF
831.679850112787,RP-FEE-XXX,HP-FEE-RAF
831.679962958208,RP-FEE-XXX,HP-FEE-RAF
831.680156809504,RP-FEE-XXX,HP-FEE-RAF
831.680743324725,RP-FEE-XXX,HP-FEE-RAF
831.681329839946,RP-FEE-XXX,HP-FEE-RAF
831.682889789418,RP-FEE-XXX,HP-FEE-RAF
831.684449738891,RP-FEE-XXX,HP-FEE-RAF
831.687218207717,RP-FEE-XXX,HP-FEE-RAF
831.689986676542,RP-FEE-XXX,HP-FEE-RAF
831.69362693793,RP-FEE-XXX,HP-FEE-RAF
831.698138991881,RP-FEE-XXX,HP-FEE-RAF
831.707299908294,RP-FEE-XXX,HP-FEE-RAF
831.71659763322,RP-FEE-XXX,HP-FEE-RAF
831.725895358146,RP-FEE-XXX,HP-FEE-RAF
831.750080440942,RP-FEE-XXX,HP-FEE-RAF
831.774265523738,RP-FEE-XXX,HP-FEE-RAF
831.817607501075,RP-FEE-XXX,HP-FEE-RAF
831.860949478413,RP-FEE-XXX,HP-FEE-RAF
831.942712084316,RP-FEE-XXX,HP-FEE-RAF
832.024474690219,RP-FEE-XXX,HP-FEE-RAF
832.179987910519,RP-FEE-XXX,HP-FEE-RAF
832.335501130818,RP-FEE-XXX,HP-FEE-RAF
832.513257740968,RP-FEE-XXX,HP-FEE-RAF
832.634325318294,RP-FEE-XXX,HP-FEE-RAF
832.634325318294,HP-FEE-RAF,DP-ATM-XXX
832.63440769131,HP-FEE-RAF,DP-ATM-XXX
832.634734170987,HP-FEE-RAF,DP-ATM-XXX
832.636231995638,HP-FEE-RAF,DP-ATM-XXX
832.640765542304,HP-FEE-RAF,DP-ATM-XXX
832.649047990583,HP-FEE-RAF,DP-ATM-XXX
832.666775933869,HP-FEE-RAF,DP-ATM-XXX
832.718069200709,HP-FEE-RAF,DP-ATM-XXX
832.805602283784,HP-FEE-RAF,DP-ATM-XXX
833.056398838005,HP-FEE-RAF,DP-ATM-XXX
833.702808001826,HP-FEE-RAF,DP-ATM-XXX
834.632749833106,HP-FEE-RAF,DP-ATM-XXX
836.568652968404,HP-FEE-RAF,DP-ATM-XXX
838.833323774675,HP-FEE-RAF,DP-ATM-XXX
840.666646526147,HP-FEE-RAF,DP-ATM-XXX
843.251417472175,HP-FEE-RAF,DP-ATM-XXX
846.013559329218,HP-FEE-RAF,DP-ATM-XXX
848.107459564256,HP-FEE-RAF,DP-ATM-XXX
850.920013036859,HP-FEE-RAF,DP-ATM-XXX
853.750038302605,HP-FEE-RAF,DP-ATM-XXX
855.978798997955,HP-FEE-RAF,DP-ATM-XXX
858.566074799585,HP-FEE-RAF,DP-ATM-XXX
861.344334774109,HP-FEE-RAF,DP-ATM-XXX
863.667369166048,HP-FEE-RAF,DP-ATM-XXX
866.046657496244,HP-FEE-RAF,DP-ATM-XXX
866.046657496244,HP-FEE-RAF,LP-ATM-RAF
866.051221955656,HP-FEE-RAF,LP-ATM-RAF
866.086177767743,HP-FEE-RAF,LP-ATM-RAF
866.360847087043,HP-FEE-RAF,LP-ATM-RAF
867.428958195919,HP-FEE-RAF,LP-ATM-RAF
869.783925462249,HP-FEE-RAF,LP-ATM-RAF
873.354686437749,HP-FEE-RAF,LP-ATM-RAF
877.878831721052,HP-FEE-RAF,LP-ATM-RAF
884.496066064593,HP-FEE-RAF,LP-ATM-RAF
892.312991209228,HP-FEE-RAF,LP-ATM-RAF
899.333602105948,HP-FEE-RAF,LP-ATM-RAF
906.47392129179,HP-FEE-RAF,LP-ATM-RAF
912.007668660817,HP-FEE-RAF,LP-ATM-RAF
913.456491705036,HP-FEE-RAF,LP-ATM-RAF
914.813377393748,HP-FEE-RAF,LP-ATM-RAF
917.601648647415,HP-FEE-RAF,LP-ATM-RAF
919.58050902438,HP-FEE-RAF,LP-ATM-RAF
921.436555383504,HP-FEE-RAF,LP-ATM-RAF
923.37883344578,HP-FEE-RAF,LP-ATM-RAF
924.662808811096,HP-FEE-RAF,LP-ATM-RAF
924.999382594182,HP-FEE-RAF,LP-ATM-RAF
926.351917811334,HP-FEE-RAF,LP-ATM-RAF
927.595485402876,HP-FEE-RAF,LP-ATM-RAF
929.667521733602,HP-FEE-RAF,LP-ATM-RAF
931.046657496244,HP-FEE-RAF,LP-ATM-RAF
931.046657496244,HP-FEE-RAF,RP-XXX-RAF
931.046677828274,HP-FEE-RAF,RP-XXX-RAF
931.046738368835,HP-FEE-RAF,RP-XXX-RAF
931.046832777314,HP-FEE-RAF,RP-XXX-RAF
931.047067466615,HP-FEE-RAF,RP-XXX-RAF
931.04744909897,HP-FEE-RAF,RP-XXX-RAF
931.048315791334,HP-FEE-RAF,RP-XXX-RAF
931.049602404834,HP-FEE-RAF,RP-XXX-RAF
931.051749705601,HP-FEE-RAF,RP-XXX-RAF
931.056082988866,HP-FEE-RAF,RP-XXX-RAF
931.061518883888,HP-FEE-RAF,RP-XXX-RAF
931.072492255165,HP-FEE-RAF,RP-XXX-RAF
931.085994538482,HP-FEE-RAF,RP-XXX-RAF
931.105934165274,HP-FEE-RAF,RP-XXX-RAF
931.149677126909,HP-FEE-RAF,RP-XXX-RAF
931.201954795992,HP-FEE-RAF,RP-XXX-RAF
931.290066055632,HP-FEE-RAF,RP-XXX-RAF
931.401972059652,HP-FEE-RAF,RP-XXX-RAF
931.580279966146,HP-FEE-RAF,RP-XXX-RAF
931.766041422749,HP-FEE-RAF,RP-XXX-RAF
932.015293518429,HP-FEE-RAF,RP-XXX-RAF
932.461319314909,HP-FEE-RAF,RP-XXX-RAF
932.974565153017,HP-FEE-RAF,RP-XXX-RAF
934.018372246299,HP-FEE-RAF,RP-XXX-RAF
935.046657496244,HP-FEE-RAF,RP-XXX-RAF
935.046657496244,HP-FEE-RAF,RP-FEE-XXX
935.046689337328,HP-FEE-RAF,RP-FEE-XXX
935.046802189762,HP-FEE-RAF,RP-FEE-XXX
935.046996053547,HP-FEE-RAF,RP-FEE-XXX
935.047582603386,HP-FEE-RAF,RP-FEE-XXX
935.048169153224,HP-FEE-RAF,RP-FEE-XXX
935.049729089867,HP-FEE-RAF,RP-FEE-XXX
935.05128902651,HP-FEE-RAF,RP-FEE-XXX
935.054057477644,HP-FEE-RAF,RP-FEE-XXX
935.056825928777,HP-FEE-RAF,RP-FEE-XXX
935.060466134676,HP-FEE-RAF,RP-FEE-XXX
935.064978095342,HP-FEE-RAF,RP-FEE-XXX
935.074138667626,HP-FEE-RAF,RP-FEE-XXX
935.083435890863,HP-FEE-RAF,RP-FEE-XXX
935.0927331141,HP-FEE-RAF,RP-FEE-XXX
935.116917952968,HP-FEE-RAF,RP-FEE-XXX
935.141102791835,HP-FEE-RAF,RP-FEE-XXX
935.18444485203,HP-FEE-RAF,RP-FEE-XXX
935.227786912225,HP-FEE-RAF,RP-FEE-XXX
935.309549114239,HP-FEE-RAF,RP-FEE-XXX
935.391311316252,HP-FEE-RAF,RP-FEE-XXX
935.546824988047,HP-FEE-RAF,RP-FEE-XXX
935.702338659841,HP-FEE-RAF,RP-FEE-XXX
935.880095495738,HP-FEE-RAF,RP-FEE-XXX
936.000924171452,HP-FEE-RAF,RP-FEE-XXX
936.000924171452,DP-ATM-XXX,HP-FEE-RAF
936.001006544472,DP-ATM-XXX,HP-FEE-RAF
936.001333024196,DP-ATM-XXX,HP-FEE-RAF
936.00283084937,DP-ATM-XXX,HP-FEE-RAF
936.007364398744,DP-ATM-XXX,HP-FEE-RAF
936.015646188984,DP-ATM-XXX,HP-FEE-RAF
936.033373332108,DP-ATM-XXX,HP-FEE-RAF
936.084659660025,DP-ATM-XXX,HP-FEE-RAF
936.172175832091,DP-ATM-XXX,HP-FEE-RAF
936.422920237649,DP-ATM-XXX,HP-FEE-RAF
937.069022989671,DP-ATM-XXX,HP-FEE-RAF
937.99823522255,DP-ATM-XXX,HP-FEE-RAF
939.933585587067,DP-ATM-XXX,HP-FEE-RAF
942.198794766445,DP-ATM-XXX,HP-FEE-RAF
944.032351736322,DP-ATM-XXX,HP-FEE-RAF
946.616255380501,DP-ATM-XXX,HP-FEE-RAF
949.376394274384,DP-ATM-XXX,HP-FEE-RAF
951.465542278736,DP-ATM-XXX,HP-FEE-RAF
954.269653907193,DP-ATM-XXX,HP-FEE-RAF
957.091420735741,DP-ATM-XXX,HP-FEE-RAF
959.322254498532,DP-ATM-XXX,HP-FEE-RAF
961.913013230104,DP-ATM-XXX,HP-FEE-RAF
964.69345374614,DP-ATM-XXX,HP-FEE-RAF
967.016967042886,DP-ATM-XXX,HP-FEE-RAF
969.412951768617,DP-ATM-XXX,HP-FEE-RAF
969.412951768617,LP-ATM-RAF,HP-FEE-RAF
969.417516219041,LP-ATM-RAF,HP-FEE-RAF
969.447011524989,LP-ATM-RAF,HP-FEE-RAF
969.675578956546,LP-ATM-RAF,HP-FEE-RAF
970.62476163536,LP-ATM-RAF,HP-FEE-RAF
972.820781029113,LP-ATM-RAF,HP-FEE-RAF
975.722810448453,LP-ATM-RAF,HP-FEE-RAF
980.033135614133,LP-ATM-RAF,HP-FEE-RAF
986.13828545462,LP-ATM-RAF,HP-FEE-RAF
993.039655374351,LP-ATM-RAF,HP-FEE-RAF
1000.07301979523,LP-ATM-RAF,HP-FEE-RAF
1007.13376681154,LP-ATM-RAF,HP-FEE-RAF
1014.27712232608,LP-ATM-RAF,HP-FEE-RAF
1016.80045938552,LP-ATM-RAF,HP-FEE-RAF
1020.5989370753,LP-ATM-RAF,HP-FEE-RAF
1022.50053915522,LP-ATM-RAF,HP-FEE-RAF
1024.53971343964,LP-ATM-RAF,HP-FEE-RAF
1026.0375068294,LP-ATM-RAF,HP-FEE-RAF
1027.53674221693,LP-ATM-RAF,HP-FEE-RAF
1028.04134965827,LP-ATM-RAF,HP-FEE-RAF
1028.47979929675,LP-ATM-RAF,HP-FEE-RAF
1029.51753958275,LP-ATM-RAF,HP-FEE-RAF
1031.47058561358,LP-ATM-RAF,HP-FEE-RAF
1032.88085272425,LP-ATM-RAF,HP-FEE-RAF
1034.41295176862,LP-ATM-RAF,HP-FEE-RAF
